nome,partido,estado
FLAVIA ARRUDA,PR,DF
ERIKA KOKAY,PT,DF
BIA KICIS,PRP,DF
JULIO CESAR,PRB,DF
PROFESSOR ISRAEL,PV,DF
LUIS MIRANDA,DEM,DF
PAULA BELMONTE,PPS,DF
CELINA LEAO,PP,DF
DELEGADO WALDIR,PSL,GO
FLAVIA MORAIS,PDT,GO
DR. ZACARIAS CALIL,DEM,GO
FRANCISCO JR,PSD,GO
JOAO CAMPOS,PRB,GO
GLAUSTIN DA FOKUS,PSC,GO
ZE MARIO,DEM,GO
MAGDA MOFATTO,PR,GO
PROFESSOR ALCIDES,PP,GO
RUBENS OTONI,PT,GO
LUCAS VERGILIO,SD,GO
ADRIANO DO BALDY,PP,GO
ELIAS VAZ,PSB,GO
CELIO SILVEIRA,PSDB,GO
ALCIDES RODRIGUES,PRP,GO
JOSE NELTO,PODE,GO
MAJOR VITOR HUGO,PSL,GO
NELSON BARBUDO,PSL,MT
JOSE MEDEIROS,PODE,MT
EMANUELZINHO,PTB,MT
NERI GELLER,PP,MT
CARLOS BEZERRA,MDB,MT
DR LEONARDO,SD,MT
PROFESSORA ROSA NEIDE,PT,MT
JUAREZ COSTA,MDB,MT
ROSE MODESTO,PSDB,MS
FABIO TRAD,PSD,MS
BETO PEREIRA,PSDB,MS
TEREZA CRISTINA,DEM,MS
TIO TRUTIS,PSL,MS
VANDER LOUBET,PT,MS
DR. LUIZ OVANDO,PSL,MS
DAGOBERTO,PDT,MS
MARA ROCHA,PSDB,AC
JESSICA SALES,MDB,AC
ALAN RICK,DEM,AC
DRA. VANDA MILANI,SD,AC
FLAVIANO MELO,MDB,AC
PERPETUA ALMEIDA,PCdoB,AC
JESUS SERGIO,PDT,AC
PASTOR EMANUEL,PRB,AC
CAMILO CAPIBERIBE,PSB,AP
ACACIO FAVACHO,PROS,AP
VINICIUS,PR,AP
ALINE GURGEL,PRB,AP
PROFESSORA MARCIVANIA,PCdoB,AP
LUIZ CARLOS,PSDB,AP
ANDRE ABDON,PP,AP
LEDA SAVALA,AVANTE,AP
JOSE RICARDO,PT,AM
DELEGADO PABLO,PSL,AM
ATILA LINS,PP,AM
SILAS CAMARA,PRB,AM
CAPITAO ALBERTO NETO,PRB,AM
MARCELO RAMOS,PR,AM
SIDNEY LEITE,PSD,AM
BOSCO SARAIVA,SD,AM
EDMILSON RODRIGUES,PSOL,PA
CRISTIANO VALE,PR,PA
ELCIONE,MDB,PA
VAVA MARTINS,PRB,PA
PRIANTE,MDB,PA
NILSON PINTO,PSDB,PA
JUNIOR FERRARI,PSD,PA
CELSO SABINO,PSDB,PA
DELEGADO EDER MAURO,PSD,PA
BETO FARO,PT,PA
OLIVAL MARQUES,DEM,PA
CASSIO ANDRADE,PSB,PA
AIRTON FALEIRO,PT,PA
HELIO LEITE,DEM,PA
PAULO BENGTSON,PTB,PA
JOAQUIM PASSARINHO,PSD,PA
JULIA MARINHO,PSC,PA
LEO MORAES,PODE,RO
EXPEDITO NETTO,PSD,RO
MARIANA CARVALHO,PSDB,RO
LUCIO MOSQUINI,MDB,RO
JAQUELINE CASSOL,PP,RO
SILVIA CRISTINA,PDT,RO
DR. MAURO NAZIF,PSB,RO
CORONEL CHRISOSTOMO,PSL,RO
HAROLDO CATHEDRAL,PSD,RR
JHONATAN DE JESUS,PRB,RR
DR. HIRAN GONCALVES,PP,RR
NICOLETTI,PSL,RR
SHERIDAN,PSDB,RR
EDIO LOPES,PR,RR
OTACI,SD,RR
JOENIA WAPICHANA,REDE,RR
TIAGO DIMAS,SD,TO
OSIRES DAMASO,PSC,TO
VICENTINHO JUNIOR,PR,TO
ELI BORGES,SD,TO
CARLOS HENRIQUE GAGUIM,DEM,TO
PROFESSORA DORINHA,DEM,TO
DULCE MIRANDA,MDB,TO
CELIO MOURA,PT,TO
JHC,PSB,AL
ARTHUR LIRA,PP,AL
MARX BELTRAO,PSD,AL
SERGIO TOLEDO,PR,AL
NIVALDO ALBUQUERQUE,PTB,AL
ISNALDO BULHOES,MDB,AL
SEVERINO PESSOA,PRB,AL
PAULAO,PT,AL
TEREZA NELMA,PSDB,AL
PASTOR SARGENTO ISIDORIO,AVANTE,BA
OTTO ALENCAR FILHO,PSD,BA
BACELAR,PODE,BA
PROF. DAYANE PIMENTEL,PSL,BA
JORGE SOLLA,PT,BA
ZE NETO,PT,BA
ANTONIO BRITO,PSD,BA
ALICE PORTUGAL,PCdoB,BA
AFONSO FLORENCE,PT,BA
CAETANO,PT,BA
WALDENOR PEREIRA,PT,BA
RONALDO CARLETTO,PP,BA
VALMIR ASSUNCAO,PT,BA
JOSIAS GOMES,PT,BA
MARCELO NILO,PSB,BA
DANIEL ALMEIDA,PCdoB,BA
CACA LEAO,PP,BA
SERGIO BRITO,PSD,BA
LIDICE DA MATA,PSB,BA
MARIO NEGROMONTE JR.,PP,BA
ELMAR,DEM,BA
ADOLFO VIANA,PSDB,BA
PELEGRINO,PT,BA
ISAAC,PCdoB,BA
JOSE NUBES,PSD,BA
CLAUDIO CAJADO,PP,BA
MARCIO MARINHO,PRB,BA
FELIX MENDONCA,PDT,BA
ARTHUR MAIA,DEM,BA
JOAO ROMA,PRB,BA
JOAO BACELAR,PR,BA
JOSE ROCHA,PR,BA
PAULO AZI,DEM,BA
LEUR LOMANTO JR,DEM,BA
ULDURICO JUNIOR,PPL,BA
ALEX SANTANA,PDT,BA
IGOR KANNARIO,PHS,BA
PASTOR ABILIO SANTANA,PHS,BA
TITO,AVANTE,BA
RAIMUNDO COSTA,PRP,BA
CAPITAO WAGNER,PROS,CE
CELIO STUDART,PV,CE
LUIZIANNE,PT,CE
GUIMARAES,PT,CE
MAURO FILHO,PDT,CE
IDILVAN,PDT,CE
AJ ALBUQUERQUE,PP,CE
ROBERIO MONTEIRO,PDT,CE
MOSES RODRIGUES,MDB,CE
PEDRO BEZERRA,PTB,CE
GENECIAS NORONHA,SD,CE
DOMINGOS NETO,PSD,CE
DENIS BEZERRA,PSB,CE
ANDRE FIGUEIREDO,PDT,CE
ROBERTO PESSOA,PSDB,CE
LEONIDAS CRISTINO,PDT,CE
HEITOR FREIRE,PSL,CE
EDUARDO BISMARK,PDT,CE
JOSE AIRTON,PT,CE
JUNIOR MANO,PATRI,CE
DR. JAZIEL,PR,CE
VAIDON OLIVEIRA,PROS,CE
JOSIMAR MARANHAOZINHO,PR,MA
EDUARDO BRAIDE,PMN,MA
MARCIO JERRY,PCdoB,MA
JUNIOR LOURENCO,PR,MA
RUBENS JR.,PCdoB,MA
PEDRO LUCAS FERNANDES,PTB,MA
EDILAZIO JR.,PSD,MA
ALUISIO MENDES,PODE,MA
ANDRE FUFUCA,PP,MA
CLEBER VERDE,PRB,MA
BIRA DO PINDARE,PSB,MA
JUSCELINO FILHO,DEM,MA
JUNIOR MARRECA FILHO,PATRI,MA
HILDO ROCHA,MDB,MA
ZE CARLOS,PT,MA
GIL CUTRIM,PDT,MA
JOAO MARCELO,MDB,MA
PASTOR GILDENEMYR,PMN,MA
GERVASIO MAIA,PSB,PB
AGUINALDO RIBEIRO,PP,PB
WELLINGTON ROBERTO,PR,PB
DR DAMIAO,PDT,PB
HUGO,PRB,PB
FREI ANASTACIO,PT,PB
WILSON SANTIAGO,PTB,PB
PEDRO CUNHA LIMA,PSDB,PB
EFRAIM FILHO,DEM,PB
JULIAN LEMOS,PSL,PB
EDNA HENRIQUE,PSDB,PB
RUY CARNEIRO,PSDB,PB
JOAO CAMPOS,PSB,PE
MARILIA ARRAES,PT,PE
ANDRE FERREIRA,PSC,PE
SEBASTIAO OLIVEIRA,PR,PE
PASTOR EURICO,PATRI,PE
ANDRE DE PAULA,PSD,PE
LUCIANO BIVAR,PSL,PE
FELIPE CARRERAS,PSB,PE
EDUARDO DA FONTE,PP,PE
SILVIO COSTA FILHO,PRB,PE
DANIEL COELHO,PPS,PE
FERNANDO FILHO,DEM,PE
DANILO CABRAL,PSB,PE
RAUL HENRY,MDB,PE
WOLNEY QUEIROZ,PDT,PE
FERNANDO MONTEIRO,PP,PE
GONZAGA PATRIOTA,PSB,PE
AUGUSTO COUTINHO,SD,PE
TULIO GADELHA,PDT,PE
RICARDO TEOBALDO,PODE,PE
CARLOS VERAS,PT,PE
BISPO OSSESIO,PRB,PE
RENILDO CALHEIROS,PCdoB,PE
TADEU ALENCAR,PSB,PE
FERNANDO RODOLFO,PHS,PE
REJANE DIAS,PT,PI
CAPITAO FABIO ABREU,PR,PI
ASSIS CARVALHO,PT,PI
FLAVIO NOGUEIRA,PDT,PI
JULIO CESAR,PSD,PI
IRACEMA PORTELLA,PP,PI
MARGARETE COELHO,PP,PI
MARCOS AURELIO SAMPAIO,MDB,PI
DRA. MARINA,PTC,PI
ATILA LIRA,PSB,PI
BENES LEOCADIO,PTC,RN
NATALIA BONAVIDES,PT,RN
MINEIRO,PT,RN
JOAO MAIA,PR,RN
RAFAEL MOTTA,PSB,RN
GENERAL GIRAO,PSL,RN
WALTER ALVES,MDB,RN
FABIO FARIA,PSD,RN
FABIO MITIDIERI,PSD,SE
LAERCIO OLIVEIRA,PP,SE
FABIO REIS,MDB,SE
GUSTINHO RIBEIRO,SD,SE
JOAO DANIEL,PT,SE
BOSCO COSTA,PR,SE
VALDEVAN NOVENTA,PSC,SE
FABIO HENRIQUE,PDT,SE
SARGENTO FAHUR,PSD,PR
FELIPE FRANCISCHINI,PSL,PR
GLEISI LULA,PT,PR
LUIZAO GOULART,PRB,PR
SANDRO ALEX,PSD,PR
LEANDRE,PV,PR
PAULO MARTINS,PSC,PR
GUSTAVO FRUET,PDT,PR
GIACOBO,PR,PR
HERMES FRANGAO PARCIANELLO,MDB,PR
CHRISTIANE YARED,PR,PR
DIEGO GARCIA,PODE,PR
LUCIANO DUCCI,PSB,PR
ALIEL MACHADO,PSB,PR
SERGIO SOUZA,MDB,PR
NEY LEPREVOST,PSD,PR
PEDRO LUPION,DEM,PR
LUISA CANZIANI,PSB,PR
BOCA ABERTA,PROS,PR
RICARDO BARROS,PP,PR
ZECA DIRCEU,PT,PR
RUBENS BUENO,PPS,PR
SCHIAVINATO,PP,PR
FILIPE BARROS,PSL,PR
LUIZ NISHIMORI,PR,PR
TONINHO WANDSCHEER,PROS,PR
VERMELHO,PSD,PR
ENIO VERRI,PT,PR
AROLDO MARTINS,PRB,PR
ALINE SLEUTJES,PSL,PR
MARCEL VAN HATTEM,NOVO,RS
ONYX LORENZONI,DEM,RS
GIOVANI CHERINI,PR,RS
PAULO PIMENTA,PT,RS
MARCON,PT,RS
MARLON SANTOS,PDT,RS
LUCAS REDECKER,PSDB,RS
FERNANDA MELCHIONNA,PSOL,RS
HEITOR SCHUCH,PSB,RS
HENRIQUE FONTANA,PT,RS
CARLOS GOMES,PRB,RS
BOHN GASS,PT,RS
DANRLEI DE DEUS GOLEIRO,PSD,RS
COVATTI FILHO,PP,RS
MARCIO BIOLCHI,MDB,RS
ALCEU MOREIRA,MDB,RS
AFONSO HAMM,PP,RS
MARIA DO ROSARIO,PT,RS
PEDRO WESTPHALEN,PP,RS
GIOVANI FELTES,MDB,RS
BIBO NUNES,PSL,RS
JERONIMO GOERGEN,PP,RS
SANDERSON FEDERAL,PSL,RS
OSMAR TERRA,MDB,RS
MAURICIO DZIEDRICKI,PTB,RS
POMPEO DE MATTOS,PDT,RS
DANIEL DA TV,PSD,RS
MARCELO MORAES,PTB,RS
AFONSO MOTTA,PDT,RS
LIZIANE BAYER,PSB,RS
NEREU CRISPIN,PSL,RS
HELIO COSTA,PRB,SC
DANIEL FREITAS,PSL,SC
PROFESSOR PEDRO UCZAI,PT,SC
CAROLINE DE TONI,PSL,SC
GEOVANIA DE SA,PSDB,SC
CARLOS CHIODINI,MDB,SC
FABIO SCHIOCHET,PSL,SC
ANGELA AMIN,PP,SC
CARMEN ZANOTTO,PPS,SC
CELSO MALDANER,MDB,SC
PENINHA,MDB,SC
DARCI DE MATOS,PSD,SC
RICARDO GUIDI,PSD,SC
CORONEL ARMANDO,PSL,SC
RODRIGO COELHO,PSB,SC
GILSON MARQUES,NOVO,SC
AMARO NETO,PRB,ES
FELIPE RIGONI,PSB,ES
DA VITORIA,PPS,ES
HELDER SALOMAO,PT,ES
SERGIO VIDIGAL,PDT,ES
DRA. SORAYA MANATO,PSL,ES
NORMA AYUB,DEM,ES
FOLETTO,PSB,ES
LAURIETE,PR,ES
EVAIR DE MELO,PP,ES
AECIO NEVES,PSDB,MG
ALE SILVA,PSL,MG
ANDRE JANONES,AVANTE,MG
AUREA CAROLINA,PSOL,MG
BILAC PINTO,DEM,MG
IGOR TIMO,PODE,MG
CABO JUNIO AMARAL,PSL,MG
CHARLES EVANGELISTA,PSL,MG
DELEGADO MARCELO FREITAS,PSL,MG
DIEGO ANDRADE,PSD,MG
DIMAS FABIANO,PP,MG
DOMINGOS SAVIO,PSDB,MG
DOUTOR FREDERICO,PATRI,MG
DR. MARIO HERINGER,PDT,MG
EDUARDO BARBOSA,PSDB,MG
EMIDINHO MADEIRA,PSB,MG
EROS BIONDINI,PROS,MG
EUCLYDES PETTERSEN,PSC,MG
FABIO RAMALHO,MDB,MG
FRANCO CATARFINA,PHS,MG
FRED COSTA,PATRI,MG
GILBERTO ABRAMO,PRB,MG
GREYCE ELIAS,AVANTE,MG
HERCILIO COELHO DINIZ,MDB,MG
JULIO DELGADO,PSB,MG
LAFAYETTE ANDRADA,PRB,MG
LEO MOTA,PSL,MG
LEONARDO MONTEIRO,PT,MG
LINCOLN PORTELA,PR,MG
LUCAS GONZALEZ,NOVO,MG
LUIS TIBE,AVANTE,MG
MARCELO ALVARO ANTONIO,PSL,MG
MARCELO ARO,PHS,MG
MARGARIDA SALOMAO,PT,MG
MAURO LOPES,MDB,MG
MISAEL VARELLA,PSD,MG
NEWTON CARDOSO JR,MDB,MG
ODAIR CUNHA,PT,MG
PADRE JOAO,PT,MG
PATRUS ANANIAS,PT,MG
PAULO ABI ACKEL,PSDB,MG
PAULO GUEDES,PT,MG
PINHEIRINHO,PP,MG
REGINALDO LOPES,PT,MG
RODRIGO DE CASTRO,PSDB,MG
ROGERIO CORREIA,PT,MG
STEFANO AGUIAR,PSD,MG
SUBTENENTE GONZAGA,PDT,MG
TIAGO MITRAUD,NOVO,MG
VILSON DA FETAEMG,PSB,MG
WELITON PRADO,PROS,MG
ZE SILVA,SD,MG
ZE VITOR,PMN,MG
HELIO FERNANDO BARBOSA LOPES,PSL,RJ
MARCELO FREIXO,PSOL,RJ
ALESSANDRO MOLON,PSB,RJ
CARLOS JORDY,PSL,RJ
FLORDELIS,PSD,RJ
DANIELA DO WAGUINHO,MDB,RJ
OTONI DE PAULA,PSC,RJ
LUIZ LIMA,PSL,RJ
TELIRIA PETRONE,PSOL,RJ
DELEGADO ANTONIO FURTADO,PSL,RJ
DR. LUIZINHO,PP,RJ
SOSTENES,DEM,RJ
JANDIRA FEGHALI,PCdoB,RJ
RODRIGO MAIA,DEM,RJ
AUREO,SD,RJ
WAGNER MONTES,PRB,RJ
ROSANGELA GOMES,PRB,RJ
HUGO LEAL,PSD,RJ
SARGENTO GURGEL,PSL,RJ
VINICIUS FARAH,MDB,RJ
MAJOR FABIANA,PSL,RJ
PEDRO PAULO,DEM,RJ
ALTINEU CORTES,PR,RJ
GUTEMBERG REIS,MDB,RJ
PAULO GANIME,NOVO,RJ
MARCELO CALERO,PPS,RJ
LUIZ ANTONIO,DC,RJ
SORAYA SANYOS,PR,RJ
CHRISTINO AUREO,PP,RJ
FELICIO LATERCA,PSL,RJ
MARCIO LABRE,PSL,RJ
JUNINHO DO PNEU,DEM,RJ
BENEDITA DA SILVA,PT,RJ
LOURIVAL GOMES,PSL,RJ
GLAUBER BRAGA,PSOL,RJ
WLADIMIR GAROTINHO,PRP,RJ
CHRIS TONIETTO,PSL,RJ
ALEXANDRE SERFIOTIS,PSD,RJ
CLARISSA GARONTINHO,PROS,RJ
PROFESSOR JOZIEL,PSL,RJ
DANIEL SILVEIRA,PSL,RJ
GERSON AZEVEDO,PHS,RJ
CHICO DANGELO,PDT,RJ
CHIQUINHO BRAZAO,AVANTE,RJ
PAULO RAMOS,PDT,RJ
JEAN WYLLYS,PSOL,RJ
EDUARDO BOLSONARO,PSL,SP
JOICE HASSELMANN,PSL,SP
CELSO RUSSOMANNO,PRB,SP
KIM KATAGUIRI,DEM,SP
TIRIRICA,PR,SP
TABATA AMARAL,PDT,SP
POLICIAL KATIA SASTRE,PR,SP
SAMIA BOMFIM,PSOL,SP
CAPITAO AUGUSTO,PR,SP
PASTOR MARCO FELICIANO,PODE,SP
BALEIA ROSSI,MDB,SP
VINICIUS POIT,NOVO,SP
LUIZA ERUNDINA,PSOL,SP
RENATA ABREU,PODE,SP
RUI FALCAO,PT,SP
ALEXANDRE FROTA,PSL,SP
IVAN VALENTE,PSOL,SP
MARCOS PEREIRA,PRB,SP
CARLOS ZARATTINI,PT,SP
MARCO BERTAIOLLI,PSD,SP
MARCIO ALVINO,PR,SP
GUILHERME MUSSI,PP,SP
ARNALDO JARDIM,PPS,SP
ALEX MANENTE,PPS,SP
BRUNA FURLAN,PSDB,SP
CARLOS SAMPAIO,PSDB,SP
NILTO TATTO,PT,SP
RICARDO IZAR,PP,SP
VITOR LIPPI,PSDB,SP
TENENTE DERRITE,PP,SP
CEZINHA DE MADUREIRA,PSD,SP
FAUSTO PINATO,PP,SP
LUIZ PHILIPPE O. BRAGANCA,PSL,SP
ALEXANDRE LEITE,DEM,SP
PAULO FREIRE COSTA,PR,SP
ENRICO MISASI,PV,SP
ROSANA VALLE,PSB,SP
SAMUEL MOREIRA,PSDB,SP
VANDERLEI MACRIS,PSDB,SP
RODRIGO AGOSTINHO,PSB,SP
JEFFERSON CAMPOS,PSB,SP
DAVID SOARES,DEM,SP
CORONEL TADEU,PSL,SP
VINICIUS CARVALHO,PRB,SP
EDUARDO CURY,PSDB,SP
MIGUEL LOMBARDI,PR,SP
ELI CORREA FILHO,DEM,SP
GILBERTO NASCIMENTO,PSC,SP
GENINHO ZULIANI,DEM,SP
ALEXANDRE PADILHA,PT,SP
ARLINDO CHINAGLIA,PT,SP
PROFESSOR LUIZ FLAVIO GOMES,PSB,SP
ROBERTO ALVES,PRB,SP
JUNIOR BOZZELLA,PSL,SP
PAULO TEIXEIRA,PT,SP
MILTON VIEIRA,PRB,SP
CARLA ZAMBELLI,PSL,SP
PAULINHO DA FORCA,SD,SP
LUIZ CARLOS MOTTA,PR,SP
GENERAL PETERNELLI,PSL,SP
MARIA ROSAS,PRB,SP
VICENTINHO,PT,SP
ABOU ANNI,PSL,SP
ALENCAR SANTANA,PT,SP
ORLANDO SILVA,PCdoB,SP
ADRIANA VENTURA,NOVO,SP
ROBERTO DE LUCENA,PODE,SP
HERCULANO PASSOS,MDB,SP
ALEXIS,NOVO,SP
GUIGA PEIXOTO,PSL,SP
