﻿"id_partido","sigla_partido","nome_partido","data_criacao","data_extincao","data_captura","url_captura"
PEN,PEN,Partido Ecológico Nacional,,,2018-11-06 22:00:05,
PPL,PPL,Partido Pátria Livre,,,2018-11-06 22:00:05,
PROS,PROS,Partido Republicano da Ordem Social,,,2018-11-06 22:00:05,
SDD,SDD,Solidariedade,,,2018-11-06 22:00:05,
SD,SD,Solidariedade,,,2018-11-06 22:00:05,
AIB,AIB,Ação Integralista Brasileira,,1950-01-01,2018-11-06 22:00:05,
AL,AL,Aliança Libertadora,,1950-01-01,2018-11-06 22:00:05,
ARENA,ARENA,Aliança Renovadora Nacional,,1950-01-01,2018-11-06 22:00:05,
DEM,DEM,Democratas,,,2018-11-06 22:00:05,
ED,ED,Esquerda Democrática,,1947-08-25,2018-11-06 22:00:05,
FUG,FUG,Frente Única Gaúcha,,1950-01-01,2018-11-06 22:00:05,
LASP,LASP,Liga de Ação Social e Política,,1950-01-01,2018-11-06 22:00:05,
LEC,LEC,Liga Eleitoral Católica,,1950-01-01,2018-11-06 22:00:05,
MDB*,MDB*,Movimento Democrático Brasileiro,,1950-01-01,2018-11-06 22:00:05,
MTR,MTR,Movimento Trabalhista Renovador,,1950-01-01,2018-11-06 22:00:05,
PAN,PAN,Partido dos Aposentados da Nação,,,2018-11-06 22:00:05,
PC,PC,Partido Comunista,,1950-01-01,2018-11-06 22:00:05,
PCB*,PCB*,Partido Comunista Brasileiro,,,2018-11-06 22:00:05,
PCdoB,PCdoB,Partido Comunista do Brasil,,,2018-11-06 22:00:05,
PCN,PCN,Partido Comunitário  Nacional,,1950-01-01,2018-11-06 22:00:05,
PCO,PCO,Partido da Causa Operária,,2018-02-06,2018-11-06 22:00:05,
PD,PD,Partido Democrático,,1950-01-01,2018-11-06 22:00:05,
PDC,PDC,Partido Democrático Cristão,,1950-01-01,2018-11-06 22:00:05,
PDR,PDR,Partido Democrático Republicano,,1950-01-01,2018-11-06 22:00:05,
PDS,PDS,Partido Democrático Social,,1950-01-01,2018-11-06 22:00:05,
PDT,PDT,Partido Democrático Trabalhista,,,2018-11-06 22:00:05,
PE,PE,Partido Economista,,1950-01-01,2018-11-06 22:00:05,
PED,PED,Partido Economista Democrático,,1950-01-01,2018-11-06 22:00:05,
PF,PF,Partido Federalista,,1950-01-01,2018-11-06 22:00:05,
PFL,PFL,Partido da Frente Liberal,,,2018-11-06 22:00:05,
PGT,PGT,Partido Geral dos Trabalhadores,,1950-01-01,2018-11-06 22:00:05,
PHDBS,PHDBS,Partido Humanista Democrático Brasil Solidariedade,,1950-01-01,2018-11-06 22:00:05,
PHS,PHS,Partido Humanista da Solidariedade,,,2018-11-06 22:00:05,
PJ,PJ,Partido da Juventude,,1950-01-01,2018-11-06 22:00:05,
PL,PL,Partido Liberal,,,2018-11-06 22:00:05,
PLC,PLC,Partido Liberal Catarinense,,1950-01-01,2018-11-06 22:00:05,
PMB*,PMB*,Partido Municipalista Brasileiro,,1950-01-01,2018-11-06 22:00:05,
PMDB,PMDB,Partido do Movimento Democrático Brasileiro,,,2018-11-06 22:00:05,
PMN,PMN,Partido da Mobilização Nacional,,,2018-11-06 22:00:05,
PMR,PMR,Partido Municipalista Renovador,,1950-01-01,2018-11-06 22:00:05,
PN,PN,Partido Nilista,,1950-01-01,2018-11-06 22:00:05,
PNA,PNA,Partido Nacional de Alagoas,,1950-01-01,2018-11-06 22:00:05,
PNC,PNC,Partido Nacional do Consumidor,,1950-01-01,2018-11-06 22:00:05,
PNE,PNE,Partido Nacional Evangélico,,1950-01-01,2018-11-06 22:00:05,
PNS,PNS,Partido Nacional Socialista,,1950-01-01,2018-11-06 22:00:05,
PP,PP,Partido Progressista,,,2018-11-06 22:00:05,
PPA,PPA,Partido Popular do Acre,,1950-01-01,2018-11-06 22:00:05,
PPB,PPB,Partido Progressista Brasileiro,,1950-01-01,2018-11-06 22:00:05,
PPR,PPR,Partido Progressista Reformador,,1950-01-01,2018-11-06 22:00:05,
PPS,PPS,Partido Popular Socialista,,,2018-11-06 22:00:05,
PR,PR,Partido da República,,,2018-11-06 22:00:05,
PRB,PRB,Partido Republicano Brasileiro,,,2018-11-06 22:00:05,
PRC,PRC,Partido Republicano Conservador,,1950-01-01,2018-11-06 22:00:05,
PRD,PRD,Partido Republicano Democrata da Bahia,,1950-01-01,2018-11-06 22:00:05,
PRE,PRE,Partido Republicano,,1950-01-01,2018-11-06 22:00:05,
PRF,PRF,Partido Republicano Federal,,1950-01-01,2018-11-06 22:00:05,
PRL,PRL,Partido Republicano Liberal,,1950-01-01,2018-11-06 22:00:05,
PRM,PRM,Partido Republicano Mineiro,,1950-01-01,2018-11-06 22:00:05,
PRN,PRN,Partido da Reconstrução Nacional,,1950-01-01,2018-11-06 22:00:05,
PRONA,PRONA,Partido de Reedificação da Ordem Nacional,,,2018-11-06 22:00:05,
PRP,PRP,Partido Republicano Progressista,,,2018-11-06 22:00:05,
PRPa,PRPa,Partido Republicano Paulista,,1950-01-01,2018-11-06 22:00:05,
PRR,PRR,Partido Republicano Rio-Grandense,,1950-01-01,2018-11-06 22:00:05,
PRS,PRS,Partido das Reformas Sociais,,1950-01-01,2018-11-06 22:00:05,
PRT,PRT,Partido Republicano Trabalhista,,1950-01-01,2018-11-06 22:00:05,
PRTB,PRTB,Partido Renovador Trabalhista Brasileiro,,,2018-11-06 22:00:05,
PRVP,PRVP,Partido de Representação da Vontade Popular,,1950-01-01,2018-11-06 22:00:05,
PSB,PSB,Partido Socialista Brasileiro,,,2018-11-06 22:00:05,
PSC,PSC,Partido Social Cristão,,,2018-11-06 22:00:05,
PSD,PSD,Partido Social Democrático,,,2018-11-06 22:00:05,
PSDB,PSDB,Partido da Social Democracia Brasileira,,,2018-11-06 22:00:05,
PSDC,PSDC,Partido Social Democrata Cristão,,,2018-11-06 22:00:05,
PSL,PSL,Partido Social Liberal,,,2018-11-06 22:00:05,
PSN,PSN,Partido da Solidariedade Nacional,,1950-01-01,2018-11-06 22:00:05,
PSOL,PSOL,Partido Socialismo e Liberdade,,,2018-11-06 22:00:05,
PSP,PSP,Partido Social Progressista,,1950-01-01,2018-11-06 22:00:06,
PSR,PSR,Partido Social Republicano,,1950-01-01,2018-11-06 22:00:06,
PST,PST,Partido Social Trabalhista,,1950-01-01,2018-11-06 22:00:06,
PSTU,PSTU,Partido Socialista dos Trabalhadores Unificado,,2018-02-06,2018-11-06 22:00:06,
PT,PT,Partido dos Trabalhadores,,,2018-11-06 22:00:06,
PTB,PTB,Partido Trabalhista Brasileiro,,,2018-11-06 22:00:06,
PTC,PTC,Partido Trabalhista Cristão,,,2018-11-06 22:00:06,
PTdoB,PTdoB,Partido Trabalhista do Brasil,,,2018-11-06 22:00:06,
PP*,PP*,Partido Popular,,1982-03-16,2018-11-06 22:00:06,
REDE,REDE,Rede Sustentabilidade,,,2018-11-06 22:00:06,
PMB,PMB,Partido da Mulher Brasileira,,,2018-11-06 22:00:06,
PNPD,PNPD,Partido Nacional Popular Democrático,,1950-01-01,2018-11-06 22:00:06,
PPM,PPM,Partido Progressista Mineiro,,1950-01-01,2018-11-06 22:00:06,
PSC*,PSC*,Partido Socialista Cristão,,1950-01-01,2018-11-06 22:00:06,
PODE,PODE,Podemos,,,2018-11-06 22:00:06,
AVANTE,AVANTE,Avante,,,2018-11-06 22:00:06,
MDB,MDB,Movimento Democrático Brasileiro,,,2018-11-06 22:00:06,
PATRI,PATRI,Patriota,,,2018-11-06 22:00:06,
NOVO,NOVO,Partido Novo,,,2018-11-06 22:00:06,
DC,DC,Democracia Cristã,,,2018-11-06 22:00:06,
PTN,PTN,Partido Trabalhista Nacional,,,2018-11-06 22:00:06,
PTR,PTR,Partido Trabalhista Renovador,,1950-01-01,2018-11-06 22:00:06,
PTRB,PTRB,Partido Trabalhista Renovador Brasileiro,,1950-01-01,2018-11-06 22:00:06,
PV,PV,Partido Verde,,,2018-11-06 22:00:06,
S.PART.,S.PART.,Sem Partido,,,2018-11-06 22:00:06,
UDB,UDB,União Democrática Brasileira,,1950-01-01,2018-11-06 22:00:06,
UDN,UDN,União Democrática Nacional,,1950-01-01,2018-11-06 22:00:06,
UPF,UPF,União Progressista Fluminense,,1950-01-01,2018-11-06 22:00:06,
ADB,ADB,Aliança Democrática Brasileira,,1950-01-01,2018-11-06 22:00:06,
ASD,ASD,Aliança Social Democrata,,1950-01-01,2018-11-06 22:00:06,
CSD,CSD,Confraternização Social Democrata,,1950-01-01,2018-11-06 22:00:06,
NEPEC,NEPEC,Núcleo Eleitoral Pró Emancipação Carioca,,1950-01-01,2018-11-06 22:00:06,
PAN*,PAN*,Partido Agrário Nacional,,1950-01-01,2018-11-06 22:00:06,
PBV,PBV,Partido da Boa Vontade,,,2018-11-06 22:00:06,
PC*,PC*,Partido Constitucionalista,,1937-02-12,2018-11-06 22:00:06,
PCB,PCB,Partido Constitucionalista Brasileiro,,,2018-11-06 22:00:06,
PDP,PDP,Partido Democrático Progressista,,1950-01-01,2018-11-06 22:00:06,
PIAD,PIAD,Partido Industrial Agrícola Democrata,,1950-01-01,2018-11-06 22:00:06,
PL*,PL*,Partido Libertador,,1950-01-01,2018-11-06 22:00:06,
PLIC,PLIC,"Partido da Lavoura, Indústria e Comércio",,1950-01-01,2018-11-06 22:00:06,
PLP,PLP,Partido Liberal Progressista,,1950-01-01,2018-11-06 22:00:06,
PN*,PN*,Partido Nacionalista,,1950-01-01,2018-11-06 22:00:06,
PNC*,PNC*,Partido Nacional Classista,,1950-01-01,2018-11-06 22:00:06,
PNE*,PNE*,Partido Nacional Evolucionista,,1950-01-01,2018-11-06 22:00:06,
POPSF,POPSF,Organização Política Social Feminina,,1950-01-01,2018-11-06 22:00:06,
POT,POT,Partido Orientador Trabalhista,,1950-01-01,2018-11-06 22:00:06,
PPP,PPP,Partido Popular Progressista,,1950-01-01,2018-11-06 22:00:06,
PPS*,PPS*,Partido Popular Sindicalista,,1950-01-01,2018-11-06 22:00:06,
PR**,PR**,Partido Republicano,,1950-01-01,2018-11-06 22:00:06,
PR*,PR*,Partido Regenerador,,1950-01-01,2018-11-06 22:00:06,
PRB*,PRB*,Partido Ruralista Brasileiro,,1950-01-01,2018-11-06 22:00:06,
PRP*,PRP*,Partido de Representação Popular,,1950-01-01,2018-11-06 22:00:06,
PSdoB,PSdoB,Partido Socialista do Brasil,,1950-01-01,2018-11-06 22:00:06,
PTR*,PTR*,Partido Trabalhista Republicano,,1950-01-01,2018-11-06 22:00:06,
UNT,UNT,União Nacional do Trabalho,,1950-01-01,2018-11-06 22:00:06,
USDH,USDH,União Social pelos Direitos do Homem,,1950-01-01,2018-11-06 22:00:06,
PEN,PEN,Partido Ecológico Nacional,,,2018-11-07 22:00:06,
PPL,PPL,Partido Pátria Livre,,,2018-11-07 22:00:06,
PROS,PROS,Partido Republicano da Ordem Social,,,2018-11-07 22:00:06,
SDD,SDD,Solidariedade,,,2018-11-07 22:00:06,
SD,SD,Solidariedade,,,2018-11-07 22:00:06,
AIB,AIB,Ação Integralista Brasileira,,1950-01-01,2018-11-07 22:00:06,
AL,AL,Aliança Libertadora,,1950-01-01,2018-11-07 22:00:06,
ARENA,ARENA,Aliança Renovadora Nacional,,1950-01-01,2018-11-07 22:00:06,
DEM,DEM,Democratas,,,2018-11-07 22:00:06,
ED,ED,Esquerda Democrática,,1947-08-25,2018-11-07 22:00:06,
FUG,FUG,Frente Única Gaúcha,,1950-01-01,2018-11-07 22:00:06,
LASP,LASP,Liga de Ação Social e Política,,1950-01-01,2018-11-07 22:00:06,
LEC,LEC,Liga Eleitoral Católica,,1950-01-01,2018-11-07 22:00:06,
MDB*,MDB*,Movimento Democrático Brasileiro,,1950-01-01,2018-11-07 22:00:06,
MTR,MTR,Movimento Trabalhista Renovador,,1950-01-01,2018-11-07 22:00:06,
PAN,PAN,Partido dos Aposentados da Nação,,,2018-11-07 22:00:06,
PC,PC,Partido Comunista,,1950-01-01,2018-11-07 22:00:06,
PCB*,PCB*,Partido Comunista Brasileiro,,,2018-11-07 22:00:06,
PCdoB,PCdoB,Partido Comunista do Brasil,,,2018-11-07 22:00:06,
PCN,PCN,Partido Comunitário  Nacional,,1950-01-01,2018-11-07 22:00:06,
PCO,PCO,Partido da Causa Operária,,2018-02-06,2018-11-07 22:00:06,
PD,PD,Partido Democrático,,1950-01-01,2018-11-07 22:00:06,
PDC,PDC,Partido Democrático Cristão,,1950-01-01,2018-11-07 22:00:06,
PDR,PDR,Partido Democrático Republicano,,1950-01-01,2018-11-07 22:00:06,
PDS,PDS,Partido Democrático Social,,1950-01-01,2018-11-07 22:00:06,
PDT,PDT,Partido Democrático Trabalhista,,,2018-11-07 22:00:06,
PE,PE,Partido Economista,,1950-01-01,2018-11-07 22:00:06,
PED,PED,Partido Economista Democrático,,1950-01-01,2018-11-07 22:00:06,
PF,PF,Partido Federalista,,1950-01-01,2018-11-07 22:00:06,
PFL,PFL,Partido da Frente Liberal,,,2018-11-07 22:00:06,
PGT,PGT,Partido Geral dos Trabalhadores,,1950-01-01,2018-11-07 22:00:06,
PHDBS,PHDBS,Partido Humanista Democrático Brasil Solidariedade,,1950-01-01,2018-11-07 22:00:06,
PHS,PHS,Partido Humanista da Solidariedade,,,2018-11-07 22:00:06,
PJ,PJ,Partido da Juventude,,1950-01-01,2018-11-07 22:00:06,
PL,PL,Partido Liberal,,,2018-11-07 22:00:06,
PLC,PLC,Partido Liberal Catarinense,,1950-01-01,2018-11-07 22:00:06,
PMB*,PMB*,Partido Municipalista Brasileiro,,1950-01-01,2018-11-07 22:00:06,
PMDB,PMDB,Partido do Movimento Democrático Brasileiro,,,2018-11-07 22:00:06,
PMN,PMN,Partido da Mobilização Nacional,,,2018-11-07 22:00:06,
PMR,PMR,Partido Municipalista Renovador,,1950-01-01,2018-11-07 22:00:06,
PN,PN,Partido Nilista,,1950-01-01,2018-11-07 22:00:06,
PNA,PNA,Partido Nacional de Alagoas,,1950-01-01,2018-11-07 22:00:06,
PNC,PNC,Partido Nacional do Consumidor,,1950-01-01,2018-11-07 22:00:06,
PNE,PNE,Partido Nacional Evangélico,,1950-01-01,2018-11-07 22:00:06,
PNS,PNS,Partido Nacional Socialista,,1950-01-01,2018-11-07 22:00:06,
PP,PP,Partido Progressista,,,2018-11-07 22:00:06,
PPA,PPA,Partido Popular do Acre,,1950-01-01,2018-11-07 22:00:06,
PPB,PPB,Partido Progressista Brasileiro,,1950-01-01,2018-11-07 22:00:06,
PPR,PPR,Partido Progressista Reformador,,1950-01-01,2018-11-07 22:00:06,
PPS,PPS,Partido Popular Socialista,,,2018-11-07 22:00:06,
PR,PR,Partido da República,,,2018-11-07 22:00:06,
PRB,PRB,Partido Republicano Brasileiro,,,2018-11-07 22:00:06,
PRC,PRC,Partido Republicano Conservador,,1950-01-01,2018-11-07 22:00:06,
PRD,PRD,Partido Republicano Democrata da Bahia,,1950-01-01,2018-11-07 22:00:06,
PRE,PRE,Partido Republicano,,1950-01-01,2018-11-07 22:00:06,
PRF,PRF,Partido Republicano Federal,,1950-01-01,2018-11-07 22:00:06,
PRL,PRL,Partido Republicano Liberal,,1950-01-01,2018-11-07 22:00:06,
PRM,PRM,Partido Republicano Mineiro,,1950-01-01,2018-11-07 22:00:06,
PRN,PRN,Partido da Reconstrução Nacional,,1950-01-01,2018-11-07 22:00:06,
PRONA,PRONA,Partido de Reedificação da Ordem Nacional,,,2018-11-07 22:00:06,
PRP,PRP,Partido Republicano Progressista,,,2018-11-07 22:00:06,
PRPa,PRPa,Partido Republicano Paulista,,1950-01-01,2018-11-07 22:00:06,
PRR,PRR,Partido Republicano Rio-Grandense,,1950-01-01,2018-11-07 22:00:06,
PRS,PRS,Partido das Reformas Sociais,,1950-01-01,2018-11-07 22:00:06,
PRT,PRT,Partido Republicano Trabalhista,,1950-01-01,2018-11-07 22:00:06,
PRTB,PRTB,Partido Renovador Trabalhista Brasileiro,,,2018-11-07 22:00:06,
PRVP,PRVP,Partido de Representação da Vontade Popular,,1950-01-01,2018-11-07 22:00:06,
PSB,PSB,Partido Socialista Brasileiro,,,2018-11-07 22:00:06,
PSC,PSC,Partido Social Cristão,,,2018-11-07 22:00:06,
PSD,PSD,Partido Social Democrático,,,2018-11-07 22:00:06,
PSDB,PSDB,Partido da Social Democracia Brasileira,,,2018-11-07 22:00:06,
PSDC,PSDC,Partido Social Democrata Cristão,,,2018-11-07 22:00:06,
PSL,PSL,Partido Social Liberal,,,2018-11-07 22:00:06,
PSN,PSN,Partido da Solidariedade Nacional,,1950-01-01,2018-11-07 22:00:06,
PSOL,PSOL,Partido Socialismo e Liberdade,,,2018-11-07 22:00:06,
PSP,PSP,Partido Social Progressista,,1950-01-01,2018-11-07 22:00:06,
PSR,PSR,Partido Social Republicano,,1950-01-01,2018-11-07 22:00:06,
PST,PST,Partido Social Trabalhista,,1950-01-01,2018-11-07 22:00:06,
PSTU,PSTU,Partido Socialista dos Trabalhadores Unificado,,2018-02-06,2018-11-07 22:00:06,
PT,PT,Partido dos Trabalhadores,,,2018-11-07 22:00:06,
PTB,PTB,Partido Trabalhista Brasileiro,,,2018-11-07 22:00:06,
PTC,PTC,Partido Trabalhista Cristão,,,2018-11-07 22:00:06,
PTdoB,PTdoB,Partido Trabalhista do Brasil,,,2018-11-07 22:00:06,
PP*,PP*,Partido Popular,,1982-03-16,2018-11-07 22:00:06,
REDE,REDE,Rede Sustentabilidade,,,2018-11-07 22:00:06,
PMB,PMB,Partido da Mulher Brasileira,,,2018-11-07 22:00:06,
PNPD,PNPD,Partido Nacional Popular Democrático,,1950-01-01,2018-11-07 22:00:06,
PPM,PPM,Partido Progressista Mineiro,,1950-01-01,2018-11-07 22:00:06,
PSC*,PSC*,Partido Socialista Cristão,,1950-01-01,2018-11-07 22:00:06,
PODE,PODE,Podemos,,,2018-11-07 22:00:06,
AVANTE,AVANTE,Avante,,,2018-11-07 22:00:06,
MDB,MDB,Movimento Democrático Brasileiro,,,2018-11-07 22:00:06,
PATRI,PATRI,Patriota,,,2018-11-07 22:00:06,
NOVO,NOVO,Partido Novo,,,2018-11-07 22:00:06,
DC,DC,Democracia Cristã,,,2018-11-07 22:00:06,
PTN,PTN,Partido Trabalhista Nacional,,,2018-11-07 22:00:06,
PTR,PTR,Partido Trabalhista Renovador,,1950-01-01,2018-11-07 22:00:06,
PTRB,PTRB,Partido Trabalhista Renovador Brasileiro,,1950-01-01,2018-11-07 22:00:06,
PV,PV,Partido Verde,,,2018-11-07 22:00:06,
S.PART.,S.PART.,Sem Partido,,,2018-11-07 22:00:06,
UDB,UDB,União Democrática Brasileira,,1950-01-01,2018-11-07 22:00:06,
UDN,UDN,União Democrática Nacional,,1950-01-01,2018-11-07 22:00:06,
UPF,UPF,União Progressista Fluminense,,1950-01-01,2018-11-07 22:00:06,
ADB,ADB,Aliança Democrática Brasileira,,1950-01-01,2018-11-07 22:00:06,
ASD,ASD,Aliança Social Democrata,,1950-01-01,2018-11-07 22:00:06,
CSD,CSD,Confraternização Social Democrata,,1950-01-01,2018-11-07 22:00:06,
NEPEC,NEPEC,Núcleo Eleitoral Pró Emancipação Carioca,,1950-01-01,2018-11-07 22:00:06,
PAN*,PAN*,Partido Agrário Nacional,,1950-01-01,2018-11-07 22:00:06,
PBV,PBV,Partido da Boa Vontade,,,2018-11-07 22:00:06,
PC*,PC*,Partido Constitucionalista,,1937-02-12,2018-11-07 22:00:06,
PCB,PCB,Partido Constitucionalista Brasileiro,,,2018-11-07 22:00:07,
PDP,PDP,Partido Democrático Progressista,,1950-01-01,2018-11-07 22:00:07,
PIAD,PIAD,Partido Industrial Agrícola Democrata,,1950-01-01,2018-11-07 22:00:07,
PL*,PL*,Partido Libertador,,1950-01-01,2018-11-07 22:00:07,
PLIC,PLIC,"Partido da Lavoura, Indústria e Comércio",,1950-01-01,2018-11-07 22:00:07,
PLP,PLP,Partido Liberal Progressista,,1950-01-01,2018-11-07 22:00:07,
PN*,PN*,Partido Nacionalista,,1950-01-01,2018-11-07 22:00:07,
PNC*,PNC*,Partido Nacional Classista,,1950-01-01,2018-11-07 22:00:07,
PNE*,PNE*,Partido Nacional Evolucionista,,1950-01-01,2018-11-07 22:00:07,
POPSF,POPSF,Organização Política Social Feminina,,1950-01-01,2018-11-07 22:00:07,
POT,POT,Partido Orientador Trabalhista,,1950-01-01,2018-11-07 22:00:07,
PPP,PPP,Partido Popular Progressista,,1950-01-01,2018-11-07 22:00:07,
PPS*,PPS*,Partido Popular Sindicalista,,1950-01-01,2018-11-07 22:00:07,
PR**,PR**,Partido Republicano,,1950-01-01,2018-11-07 22:00:07,
PR*,PR*,Partido Regenerador,,1950-01-01,2018-11-07 22:00:07,
PRB*,PRB*,Partido Ruralista Brasileiro,,1950-01-01,2018-11-07 22:00:07,
PRP*,PRP*,Partido de Representação Popular,,1950-01-01,2018-11-07 22:00:07,
PSdoB,PSdoB,Partido Socialista do Brasil,,1950-01-01,2018-11-07 22:00:07,
PTR*,PTR*,Partido Trabalhista Republicano,,1950-01-01,2018-11-07 22:00:07,
UNT,UNT,União Nacional do Trabalho,,1950-01-01,2018-11-07 22:00:07,
USDH,USDH,União Social pelos Direitos do Homem,,1950-01-01,2018-11-07 22:00:07,
PEN,PEN,Partido Ecológico Nacional,,,2018-11-08 22:00:05,
PPL,PPL,Partido Pátria Livre,,,2018-11-08 22:00:05,
PROS,PROS,Partido Republicano da Ordem Social,,,2018-11-08 22:00:05,
SDD,SDD,Solidariedade,,,2018-11-08 22:00:05,
SD,SD,Solidariedade,,,2018-11-08 22:00:05,
AIB,AIB,Ação Integralista Brasileira,,1950-01-01,2018-11-08 22:00:05,
AL,AL,Aliança Libertadora,,1950-01-01,2018-11-08 22:00:05,
ARENA,ARENA,Aliança Renovadora Nacional,,1950-01-01,2018-11-08 22:00:05,
DEM,DEM,Democratas,,,2018-11-08 22:00:05,
ED,ED,Esquerda Democrática,,1947-08-25,2018-11-08 22:00:05,
FUG,FUG,Frente Única Gaúcha,,1950-01-01,2018-11-08 22:00:05,
LASP,LASP,Liga de Ação Social e Política,,1950-01-01,2018-11-08 22:00:05,
LEC,LEC,Liga Eleitoral Católica,,1950-01-01,2018-11-08 22:00:05,
MDB*,MDB*,Movimento Democrático Brasileiro,,1950-01-01,2018-11-08 22:00:05,
MTR,MTR,Movimento Trabalhista Renovador,,1950-01-01,2018-11-08 22:00:05,
PAN,PAN,Partido dos Aposentados da Nação,,,2018-11-08 22:00:05,
PC,PC,Partido Comunista,,1950-01-01,2018-11-08 22:00:05,
PCB*,PCB*,Partido Comunista Brasileiro,,,2018-11-08 22:00:05,
PCdoB,PCdoB,Partido Comunista do Brasil,,,2018-11-08 22:00:05,
PCN,PCN,Partido Comunitário  Nacional,,1950-01-01,2018-11-08 22:00:05,
PCO,PCO,Partido da Causa Operária,,2018-02-06,2018-11-08 22:00:05,
PD,PD,Partido Democrático,,1950-01-01,2018-11-08 22:00:05,
PDC,PDC,Partido Democrático Cristão,,1950-01-01,2018-11-08 22:00:05,
PDR,PDR,Partido Democrático Republicano,,1950-01-01,2018-11-08 22:00:05,
PDS,PDS,Partido Democrático Social,,1950-01-01,2018-11-08 22:00:05,
PDT,PDT,Partido Democrático Trabalhista,,,2018-11-08 22:00:05,
PE,PE,Partido Economista,,1950-01-01,2018-11-08 22:00:05,
PED,PED,Partido Economista Democrático,,1950-01-01,2018-11-08 22:00:05,
PF,PF,Partido Federalista,,1950-01-01,2018-11-08 22:00:05,
PFL,PFL,Partido da Frente Liberal,,,2018-11-08 22:00:05,
PGT,PGT,Partido Geral dos Trabalhadores,,1950-01-01,2018-11-08 22:00:05,
PHDBS,PHDBS,Partido Humanista Democrático Brasil Solidariedade,,1950-01-01,2018-11-08 22:00:06,
PHS,PHS,Partido Humanista da Solidariedade,,,2018-11-08 22:00:06,
PJ,PJ,Partido da Juventude,,1950-01-01,2018-11-08 22:00:06,
PL,PL,Partido Liberal,,,2018-11-08 22:00:06,
PLC,PLC,Partido Liberal Catarinense,,1950-01-01,2018-11-08 22:00:06,
PMB*,PMB*,Partido Municipalista Brasileiro,,1950-01-01,2018-11-08 22:00:06,
PMDB,PMDB,Partido do Movimento Democrático Brasileiro,,,2018-11-08 22:00:06,
PMN,PMN,Partido da Mobilização Nacional,,,2018-11-08 22:00:06,
PMR,PMR,Partido Municipalista Renovador,,1950-01-01,2018-11-08 22:00:06,
PN,PN,Partido Nilista,,1950-01-01,2018-11-08 22:00:06,
PNA,PNA,Partido Nacional de Alagoas,,1950-01-01,2018-11-08 22:00:06,
PNC,PNC,Partido Nacional do Consumidor,,1950-01-01,2018-11-08 22:00:06,
PNE,PNE,Partido Nacional Evangélico,,1950-01-01,2018-11-08 22:00:06,
PNS,PNS,Partido Nacional Socialista,,1950-01-01,2018-11-08 22:00:06,
PP,PP,Partido Progressista,,,2018-11-08 22:00:06,
PPA,PPA,Partido Popular do Acre,,1950-01-01,2018-11-08 22:00:06,
PPB,PPB,Partido Progressista Brasileiro,,1950-01-01,2018-11-08 22:00:06,
PPR,PPR,Partido Progressista Reformador,,1950-01-01,2018-11-08 22:00:06,
PPS,PPS,Partido Popular Socialista,,,2018-11-08 22:00:06,
PR,PR,Partido da República,,,2018-11-08 22:00:06,
PRB,PRB,Partido Republicano Brasileiro,,,2018-11-08 22:00:06,
PRC,PRC,Partido Republicano Conservador,,1950-01-01,2018-11-08 22:00:06,
PRD,PRD,Partido Republicano Democrata da Bahia,,1950-01-01,2018-11-08 22:00:06,
PRE,PRE,Partido Republicano,,1950-01-01,2018-11-08 22:00:06,
PRF,PRF,Partido Republicano Federal,,1950-01-01,2018-11-08 22:00:06,
PRL,PRL,Partido Republicano Liberal,,1950-01-01,2018-11-08 22:00:06,
PRM,PRM,Partido Republicano Mineiro,,1950-01-01,2018-11-08 22:00:06,
PRN,PRN,Partido da Reconstrução Nacional,,1950-01-01,2018-11-08 22:00:06,
PRONA,PRONA,Partido de Reedificação da Ordem Nacional,,,2018-11-08 22:00:06,
PRP,PRP,Partido Republicano Progressista,,,2018-11-08 22:00:06,
PRPa,PRPa,Partido Republicano Paulista,,1950-01-01,2018-11-08 22:00:06,
PRR,PRR,Partido Republicano Rio-Grandense,,1950-01-01,2018-11-08 22:00:06,
PRS,PRS,Partido das Reformas Sociais,,1950-01-01,2018-11-08 22:00:06,
PRT,PRT,Partido Republicano Trabalhista,,1950-01-01,2018-11-08 22:00:06,
PRTB,PRTB,Partido Renovador Trabalhista Brasileiro,,,2018-11-08 22:00:06,
PRVP,PRVP,Partido de Representação da Vontade Popular,,1950-01-01,2018-11-08 22:00:06,
PSB,PSB,Partido Socialista Brasileiro,,,2018-11-08 22:00:06,
PSC,PSC,Partido Social Cristão,,,2018-11-08 22:00:06,
PSD,PSD,Partido Social Democrático,,,2018-11-08 22:00:06,
PSDB,PSDB,Partido da Social Democracia Brasileira,,,2018-11-08 22:00:06,
PSDC,PSDC,Partido Social Democrata Cristão,,,2018-11-08 22:00:06,
PSL,PSL,Partido Social Liberal,,,2018-11-08 22:00:06,
PSN,PSN,Partido da Solidariedade Nacional,,1950-01-01,2018-11-08 22:00:06,
PSOL,PSOL,Partido Socialismo e Liberdade,,,2018-11-08 22:00:06,
PSP,PSP,Partido Social Progressista,,1950-01-01,2018-11-08 22:00:06,
PSR,PSR,Partido Social Republicano,,1950-01-01,2018-11-08 22:00:06,
PST,PST,Partido Social Trabalhista,,1950-01-01,2018-11-08 22:00:06,
PSTU,PSTU,Partido Socialista dos Trabalhadores Unificado,,2018-02-06,2018-11-08 22:00:06,
PT,PT,Partido dos Trabalhadores,,,2018-11-08 22:00:06,
PTB,PTB,Partido Trabalhista Brasileiro,,,2018-11-08 22:00:06,
PTC,PTC,Partido Trabalhista Cristão,,,2018-11-08 22:00:06,
PTdoB,PTdoB,Partido Trabalhista do Brasil,,,2018-11-08 22:00:06,
PP*,PP*,Partido Popular,,1982-03-16,2018-11-08 22:00:06,
REDE,REDE,Rede Sustentabilidade,,,2018-11-08 22:00:06,
PMB,PMB,Partido da Mulher Brasileira,,,2018-11-08 22:00:06,
PNPD,PNPD,Partido Nacional Popular Democrático,,1950-01-01,2018-11-08 22:00:06,
PPM,PPM,Partido Progressista Mineiro,,1950-01-01,2018-11-08 22:00:06,
PSC*,PSC*,Partido Socialista Cristão,,1950-01-01,2018-11-08 22:00:06,
PODE,PODE,Podemos,,,2018-11-08 22:00:06,
AVANTE,AVANTE,Avante,,,2018-11-08 22:00:06,
MDB,MDB,Movimento Democrático Brasileiro,,,2018-11-08 22:00:06,
PATRI,PATRI,Patriota,,,2018-11-08 22:00:06,
NOVO,NOVO,Partido Novo,,,2018-11-08 22:00:06,
DC,DC,Democracia Cristã,,,2018-11-08 22:00:06,
PTN,PTN,Partido Trabalhista Nacional,,,2018-11-08 22:00:06,
PTR,PTR,Partido Trabalhista Renovador,,1950-01-01,2018-11-08 22:00:06,
PTRB,PTRB,Partido Trabalhista Renovador Brasileiro,,1950-01-01,2018-11-08 22:00:06,
PV,PV,Partido Verde,,,2018-11-08 22:00:06,
S.PART.,S.PART.,Sem Partido,,,2018-11-08 22:00:06,
UDB,UDB,União Democrática Brasileira,,1950-01-01,2018-11-08 22:00:06,
UDN,UDN,União Democrática Nacional,,1950-01-01,2018-11-08 22:00:06,
UPF,UPF,União Progressista Fluminense,,1950-01-01,2018-11-08 22:00:06,
ADB,ADB,Aliança Democrática Brasileira,,1950-01-01,2018-11-08 22:00:06,
ASD,ASD,Aliança Social Democrata,,1950-01-01,2018-11-08 22:00:06,
CSD,CSD,Confraternização Social Democrata,,1950-01-01,2018-11-08 22:00:06,
NEPEC,NEPEC,Núcleo Eleitoral Pró Emancipação Carioca,,1950-01-01,2018-11-08 22:00:06,
PAN*,PAN*,Partido Agrário Nacional,,1950-01-01,2018-11-08 22:00:06,
PBV,PBV,Partido da Boa Vontade,,,2018-11-08 22:00:06,
PC*,PC*,Partido Constitucionalista,,1937-02-12,2018-11-08 22:00:06,
PCB,PCB,Partido Constitucionalista Brasileiro,,,2018-11-08 22:00:06,
PDP,PDP,Partido Democrático Progressista,,1950-01-01,2018-11-08 22:00:06,
PIAD,PIAD,Partido Industrial Agrícola Democrata,,1950-01-01,2018-11-08 22:00:06,
PL*,PL*,Partido Libertador,,1950-01-01,2018-11-08 22:00:06,
PLIC,PLIC,"Partido da Lavoura, Indústria e Comércio",,1950-01-01,2018-11-08 22:00:06,
PLP,PLP,Partido Liberal Progressista,,1950-01-01,2018-11-08 22:00:06,
PN*,PN*,Partido Nacionalista,,1950-01-01,2018-11-08 22:00:06,
PNC*,PNC*,Partido Nacional Classista,,1950-01-01,2018-11-08 22:00:06,
PNE*,PNE*,Partido Nacional Evolucionista,,1950-01-01,2018-11-08 22:00:06,
POPSF,POPSF,Organização Política Social Feminina,,1950-01-01,2018-11-08 22:00:06,
POT,POT,Partido Orientador Trabalhista,,1950-01-01,2018-11-08 22:00:06,
PPP,PPP,Partido Popular Progressista,,1950-01-01,2018-11-08 22:00:06,
PPS*,PPS*,Partido Popular Sindicalista,,1950-01-01,2018-11-08 22:00:06,
PR**,PR**,Partido Republicano,,1950-01-01,2018-11-08 22:00:06,
PR*,PR*,Partido Regenerador,,1950-01-01,2018-11-08 22:00:06,
PRB*,PRB*,Partido Ruralista Brasileiro,,1950-01-01,2018-11-08 22:00:06,
PRP*,PRP*,Partido de Representação Popular,,1950-01-01,2018-11-08 22:00:06,
PSdoB,PSdoB,Partido Socialista do Brasil,,1950-01-01,2018-11-08 22:00:06,
PTR*,PTR*,Partido Trabalhista Republicano,,1950-01-01,2018-11-08 22:00:06,
UNT,UNT,União Nacional do Trabalho,,1950-01-01,2018-11-08 22:00:06,
USDH,USDH,União Social pelos Direitos do Homem,,1950-01-01,2018-11-08 22:00:06,
PEN,PEN,Partido Ecológico Nacional,,,2018-11-09 22:00:05,
PPL,PPL,Partido Pátria Livre,,,2018-11-09 22:00:05,
PROS,PROS,Partido Republicano da Ordem Social,,,2018-11-09 22:00:05,
SDD,SDD,Solidariedade,,,2018-11-09 22:00:05,
SD,SD,Solidariedade,,,2018-11-09 22:00:05,
AIB,AIB,Ação Integralista Brasileira,,1950-01-01,2018-11-09 22:00:05,
AL,AL,Aliança Libertadora,,1950-01-01,2018-11-09 22:00:05,
ARENA,ARENA,Aliança Renovadora Nacional,,1950-01-01,2018-11-09 22:00:05,
DEM,DEM,Democratas,,,2018-11-09 22:00:05,
ED,ED,Esquerda Democrática,,1947-08-25,2018-11-09 22:00:05,
FUG,FUG,Frente Única Gaúcha,,1950-01-01,2018-11-09 22:00:05,
LASP,LASP,Liga de Ação Social e Política,,1950-01-01,2018-11-09 22:00:05,
LEC,LEC,Liga Eleitoral Católica,,1950-01-01,2018-11-09 22:00:05,
MDB*,MDB*,Movimento Democrático Brasileiro,,1950-01-01,2018-11-09 22:00:05,
MTR,MTR,Movimento Trabalhista Renovador,,1950-01-01,2018-11-09 22:00:05,
PAN,PAN,Partido dos Aposentados da Nação,,,2018-11-09 22:00:05,
PC,PC,Partido Comunista,,1950-01-01,2018-11-09 22:00:05,
PCB*,PCB*,Partido Comunista Brasileiro,,,2018-11-09 22:00:05,
PCdoB,PCdoB,Partido Comunista do Brasil,,,2018-11-09 22:00:05,
PCN,PCN,Partido Comunitário  Nacional,,1950-01-01,2018-11-09 22:00:05,
PCO,PCO,Partido da Causa Operária,,2018-02-06,2018-11-09 22:00:05,
PD,PD,Partido Democrático,,1950-01-01,2018-11-09 22:00:05,
PDC,PDC,Partido Democrático Cristão,,1950-01-01,2018-11-09 22:00:05,
PDR,PDR,Partido Democrático Republicano,,1950-01-01,2018-11-09 22:00:05,
PDS,PDS,Partido Democrático Social,,1950-01-01,2018-11-09 22:00:05,
PDT,PDT,Partido Democrático Trabalhista,,,2018-11-09 22:00:05,
PE,PE,Partido Economista,,1950-01-01,2018-11-09 22:00:05,
PED,PED,Partido Economista Democrático,,1950-01-01,2018-11-09 22:00:05,
PF,PF,Partido Federalista,,1950-01-01,2018-11-09 22:00:05,
PFL,PFL,Partido da Frente Liberal,,,2018-11-09 22:00:05,
PGT,PGT,Partido Geral dos Trabalhadores,,1950-01-01,2018-11-09 22:00:05,
PHDBS,PHDBS,Partido Humanista Democrático Brasil Solidariedade,,1950-01-01,2018-11-09 22:00:05,
PHS,PHS,Partido Humanista da Solidariedade,,,2018-11-09 22:00:05,
PJ,PJ,Partido da Juventude,,1950-01-01,2018-11-09 22:00:05,
PL,PL,Partido Liberal,,,2018-11-09 22:00:05,
PLC,PLC,Partido Liberal Catarinense,,1950-01-01,2018-11-09 22:00:05,
PMB*,PMB*,Partido Municipalista Brasileiro,,1950-01-01,2018-11-09 22:00:05,
PMDB,PMDB,Partido do Movimento Democrático Brasileiro,,,2018-11-09 22:00:05,
PMN,PMN,Partido da Mobilização Nacional,,,2018-11-09 22:00:05,
PMR,PMR,Partido Municipalista Renovador,,1950-01-01,2018-11-09 22:00:05,
PN,PN,Partido Nilista,,1950-01-01,2018-11-09 22:00:05,
PNA,PNA,Partido Nacional de Alagoas,,1950-01-01,2018-11-09 22:00:05,
PNC,PNC,Partido Nacional do Consumidor,,1950-01-01,2018-11-09 22:00:05,
PNE,PNE,Partido Nacional Evangélico,,1950-01-01,2018-11-09 22:00:05,
PNS,PNS,Partido Nacional Socialista,,1950-01-01,2018-11-09 22:00:05,
PP,PP,Partido Progressista,,,2018-11-09 22:00:05,
PPA,PPA,Partido Popular do Acre,,1950-01-01,2018-11-09 22:00:05,
PPB,PPB,Partido Progressista Brasileiro,,1950-01-01,2018-11-09 22:00:05,
PPR,PPR,Partido Progressista Reformador,,1950-01-01,2018-11-09 22:00:05,
PPS,PPS,Partido Popular Socialista,,,2018-11-09 22:00:05,
PR,PR,Partido da República,,,2018-11-09 22:00:05,
PRB,PRB,Partido Republicano Brasileiro,,,2018-11-09 22:00:05,
PRC,PRC,Partido Republicano Conservador,,1950-01-01,2018-11-09 22:00:05,
PRD,PRD,Partido Republicano Democrata da Bahia,,1950-01-01,2018-11-09 22:00:05,
PRE,PRE,Partido Republicano,,1950-01-01,2018-11-09 22:00:05,
PRF,PRF,Partido Republicano Federal,,1950-01-01,2018-11-09 22:00:05,
PRL,PRL,Partido Republicano Liberal,,1950-01-01,2018-11-09 22:00:05,
PRM,PRM,Partido Republicano Mineiro,,1950-01-01,2018-11-09 22:00:05,
PRN,PRN,Partido da Reconstrução Nacional,,1950-01-01,2018-11-09 22:00:05,
PRONA,PRONA,Partido de Reedificação da Ordem Nacional,,,2018-11-09 22:00:05,
PRP,PRP,Partido Republicano Progressista,,,2018-11-09 22:00:05,
PRPa,PRPa,Partido Republicano Paulista,,1950-01-01,2018-11-09 22:00:05,
PRR,PRR,Partido Republicano Rio-Grandense,,1950-01-01,2018-11-09 22:00:05,
PRS,PRS,Partido das Reformas Sociais,,1950-01-01,2018-11-09 22:00:05,
PRT,PRT,Partido Republicano Trabalhista,,1950-01-01,2018-11-09 22:00:05,
PRTB,PRTB,Partido Renovador Trabalhista Brasileiro,,,2018-11-09 22:00:05,
PRVP,PRVP,Partido de Representação da Vontade Popular,,1950-01-01,2018-11-09 22:00:05,
PSB,PSB,Partido Socialista Brasileiro,,,2018-11-09 22:00:05,
PSC,PSC,Partido Social Cristão,,,2018-11-09 22:00:05,
PSD,PSD,Partido Social Democrático,,,2018-11-09 22:00:05,
PSDB,PSDB,Partido da Social Democracia Brasileira,,,2018-11-09 22:00:05,
PSDC,PSDC,Partido Social Democrata Cristão,,,2018-11-09 22:00:05,
PSL,PSL,Partido Social Liberal,,,2018-11-09 22:00:05,
PSN,PSN,Partido da Solidariedade Nacional,,1950-01-01,2018-11-09 22:00:05,
PSOL,PSOL,Partido Socialismo e Liberdade,,,2018-11-09 22:00:05,
PSP,PSP,Partido Social Progressista,,1950-01-01,2018-11-09 22:00:05,
PSR,PSR,Partido Social Republicano,,1950-01-01,2018-11-09 22:00:05,
PST,PST,Partido Social Trabalhista,,1950-01-01,2018-11-09 22:00:05,
PSTU,PSTU,Partido Socialista dos Trabalhadores Unificado,,2018-02-06,2018-11-09 22:00:05,
PT,PT,Partido dos Trabalhadores,,,2018-11-09 22:00:05,
PTB,PTB,Partido Trabalhista Brasileiro,,,2018-11-09 22:00:06,
PTC,PTC,Partido Trabalhista Cristão,,,2018-11-09 22:00:06,
PTdoB,PTdoB,Partido Trabalhista do Brasil,,,2018-11-09 22:00:06,
PP*,PP*,Partido Popular,,1982-03-16,2018-11-09 22:00:06,
REDE,REDE,Rede Sustentabilidade,,,2018-11-09 22:00:06,
PMB,PMB,Partido da Mulher Brasileira,,,2018-11-09 22:00:06,
PNPD,PNPD,Partido Nacional Popular Democrático,,1950-01-01,2018-11-09 22:00:06,
PPM,PPM,Partido Progressista Mineiro,,1950-01-01,2018-11-09 22:00:06,
PSC*,PSC*,Partido Socialista Cristão,,1950-01-01,2018-11-09 22:00:06,
PODE,PODE,Podemos,,,2018-11-09 22:00:06,
AVANTE,AVANTE,Avante,,,2018-11-09 22:00:06,
MDB,MDB,Movimento Democrático Brasileiro,,,2018-11-09 22:00:06,
PATRI,PATRI,Patriota,,,2018-11-09 22:00:06,
NOVO,NOVO,Partido Novo,,,2018-11-09 22:00:06,
DC,DC,Democracia Cristã,,,2018-11-09 22:00:06,
PTN,PTN,Partido Trabalhista Nacional,,,2018-11-09 22:00:06,
PTR,PTR,Partido Trabalhista Renovador,,1950-01-01,2018-11-09 22:00:06,
PTRB,PTRB,Partido Trabalhista Renovador Brasileiro,,1950-01-01,2018-11-09 22:00:06,
PV,PV,Partido Verde,,,2018-11-09 22:00:06,
S.PART.,S.PART.,Sem Partido,,,2018-11-09 22:00:06,
UDB,UDB,União Democrática Brasileira,,1950-01-01,2018-11-09 22:00:06,
UDN,UDN,União Democrática Nacional,,1950-01-01,2018-11-09 22:00:06,
UPF,UPF,União Progressista Fluminense,,1950-01-01,2018-11-09 22:00:06,
ADB,ADB,Aliança Democrática Brasileira,,1950-01-01,2018-11-09 22:00:06,
ASD,ASD,Aliança Social Democrata,,1950-01-01,2018-11-09 22:00:06,
CSD,CSD,Confraternização Social Democrata,,1950-01-01,2018-11-09 22:00:06,
NEPEC,NEPEC,Núcleo Eleitoral Pró Emancipação Carioca,,1950-01-01,2018-11-09 22:00:06,
PAN*,PAN*,Partido Agrário Nacional,,1950-01-01,2018-11-09 22:00:06,
PBV,PBV,Partido da Boa Vontade,,,2018-11-09 22:00:06,
PC*,PC*,Partido Constitucionalista,,1937-02-12,2018-11-09 22:00:06,
PCB,PCB,Partido Constitucionalista Brasileiro,,,2018-11-09 22:00:06,
PDP,PDP,Partido Democrático Progressista,,1950-01-01,2018-11-09 22:00:06,
PIAD,PIAD,Partido Industrial Agrícola Democrata,,1950-01-01,2018-11-09 22:00:06,
PL*,PL*,Partido Libertador,,1950-01-01,2018-11-09 22:00:06,
PLIC,PLIC,"Partido da Lavoura, Indústria e Comércio",,1950-01-01,2018-11-09 22:00:06,
PLP,PLP,Partido Liberal Progressista,,1950-01-01,2018-11-09 22:00:06,
PN*,PN*,Partido Nacionalista,,1950-01-01,2018-11-09 22:00:06,
PNC*,PNC*,Partido Nacional Classista,,1950-01-01,2018-11-09 22:00:06,
PNE*,PNE*,Partido Nacional Evolucionista,,1950-01-01,2018-11-09 22:00:06,
POPSF,POPSF,Organização Política Social Feminina,,1950-01-01,2018-11-09 22:00:06,
POT,POT,Partido Orientador Trabalhista,,1950-01-01,2018-11-09 22:00:06,
PPP,PPP,Partido Popular Progressista,,1950-01-01,2018-11-09 22:00:06,
PPS*,PPS*,Partido Popular Sindicalista,,1950-01-01,2018-11-09 22:00:06,
PR**,PR**,Partido Republicano,,1950-01-01,2018-11-09 22:00:06,
PR*,PR*,Partido Regenerador,,1950-01-01,2018-11-09 22:00:06,
PRB*,PRB*,Partido Ruralista Brasileiro,,1950-01-01,2018-11-09 22:00:06,
PRP*,PRP*,Partido de Representação Popular,,1950-01-01,2018-11-09 22:00:06,
PSdoB,PSdoB,Partido Socialista do Brasil,,1950-01-01,2018-11-09 22:00:06,
PTR*,PTR*,Partido Trabalhista Republicano,,1950-01-01,2018-11-09 22:00:06,
UNT,UNT,União Nacional do Trabalho,,1950-01-01,2018-11-09 22:00:06,
USDH,USDH,União Social pelos Direitos do Homem,,1950-01-01,2018-11-09 22:00:06,
PEN,PEN,Partido Ecológico Nacional,,,2018-11-10 22:00:05,
PPL,PPL,Partido Pátria Livre,,,2018-11-10 22:00:05,
PROS,PROS,Partido Republicano da Ordem Social,,,2018-11-10 22:00:05,
SDD,SDD,Solidariedade,,,2018-11-10 22:00:05,
SD,SD,Solidariedade,,,2018-11-10 22:00:05,
AIB,AIB,Ação Integralista Brasileira,,1950-01-01,2018-11-10 22:00:05,
AL,AL,Aliança Libertadora,,1950-01-01,2018-11-10 22:00:05,
ARENA,ARENA,Aliança Renovadora Nacional,,1950-01-01,2018-11-10 22:00:05,
DEM,DEM,Democratas,,,2018-11-10 22:00:05,
ED,ED,Esquerda Democrática,,1947-08-25,2018-11-10 22:00:05,
FUG,FUG,Frente Única Gaúcha,,1950-01-01,2018-11-10 22:00:05,
LASP,LASP,Liga de Ação Social e Política,,1950-01-01,2018-11-10 22:00:05,
LEC,LEC,Liga Eleitoral Católica,,1950-01-01,2018-11-10 22:00:05,
MDB*,MDB*,Movimento Democrático Brasileiro,,1950-01-01,2018-11-10 22:00:05,
MTR,MTR,Movimento Trabalhista Renovador,,1950-01-01,2018-11-10 22:00:05,
PAN,PAN,Partido dos Aposentados da Nação,,,2018-11-10 22:00:05,
PC,PC,Partido Comunista,,1950-01-01,2018-11-10 22:00:05,
PCB*,PCB*,Partido Comunista Brasileiro,,,2018-11-10 22:00:05,
PCdoB,PCdoB,Partido Comunista do Brasil,,,2018-11-10 22:00:05,
PCN,PCN,Partido Comunitário  Nacional,,1950-01-01,2018-11-10 22:00:05,
PCO,PCO,Partido da Causa Operária,,2018-02-06,2018-11-10 22:00:05,
PD,PD,Partido Democrático,,1950-01-01,2018-11-10 22:00:05,
PDC,PDC,Partido Democrático Cristão,,1950-01-01,2018-11-10 22:00:05,
PDR,PDR,Partido Democrático Republicano,,1950-01-01,2018-11-10 22:00:05,
PDS,PDS,Partido Democrático Social,,1950-01-01,2018-11-10 22:00:05,
PDT,PDT,Partido Democrático Trabalhista,,,2018-11-10 22:00:05,
PE,PE,Partido Economista,,1950-01-01,2018-11-10 22:00:05,
PED,PED,Partido Economista Democrático,,1950-01-01,2018-11-10 22:00:05,
PF,PF,Partido Federalista,,1950-01-01,2018-11-10 22:00:05,
PFL,PFL,Partido da Frente Liberal,,,2018-11-10 22:00:05,
PGT,PGT,Partido Geral dos Trabalhadores,,1950-01-01,2018-11-10 22:00:05,
PHDBS,PHDBS,Partido Humanista Democrático Brasil Solidariedade,,1950-01-01,2018-11-10 22:00:05,
PHS,PHS,Partido Humanista da Solidariedade,,,2018-11-10 22:00:05,
PJ,PJ,Partido da Juventude,,1950-01-01,2018-11-10 22:00:05,
PL,PL,Partido Liberal,,,2018-11-10 22:00:05,
PLC,PLC,Partido Liberal Catarinense,,1950-01-01,2018-11-10 22:00:05,
PMB*,PMB*,Partido Municipalista Brasileiro,,1950-01-01,2018-11-10 22:00:05,
PMDB,PMDB,Partido do Movimento Democrático Brasileiro,,,2018-11-10 22:00:05,
PMN,PMN,Partido da Mobilização Nacional,,,2018-11-10 22:00:05,
PMR,PMR,Partido Municipalista Renovador,,1950-01-01,2018-11-10 22:00:05,
PN,PN,Partido Nilista,,1950-01-01,2018-11-10 22:00:05,
PNA,PNA,Partido Nacional de Alagoas,,1950-01-01,2018-11-10 22:00:05,
PNC,PNC,Partido Nacional do Consumidor,,1950-01-01,2018-11-10 22:00:05,
PNE,PNE,Partido Nacional Evangélico,,1950-01-01,2018-11-10 22:00:05,
PNS,PNS,Partido Nacional Socialista,,1950-01-01,2018-11-10 22:00:05,
PP,PP,Partido Progressista,,,2018-11-10 22:00:05,
PPA,PPA,Partido Popular do Acre,,1950-01-01,2018-11-10 22:00:05,
PPB,PPB,Partido Progressista Brasileiro,,1950-01-01,2018-11-10 22:00:05,
PPR,PPR,Partido Progressista Reformador,,1950-01-01,2018-11-10 22:00:05,
PPS,PPS,Partido Popular Socialista,,,2018-11-10 22:00:05,
PR,PR,Partido da República,,,2018-11-10 22:00:05,
PRB,PRB,Partido Republicano Brasileiro,,,2018-11-10 22:00:05,
PRC,PRC,Partido Republicano Conservador,,1950-01-01,2018-11-10 22:00:05,
PRD,PRD,Partido Republicano Democrata da Bahia,,1950-01-01,2018-11-10 22:00:05,
PRE,PRE,Partido Republicano,,1950-01-01,2018-11-10 22:00:05,
PRF,PRF,Partido Republicano Federal,,1950-01-01,2018-11-10 22:00:05,
PRL,PRL,Partido Republicano Liberal,,1950-01-01,2018-11-10 22:00:05,
PRM,PRM,Partido Republicano Mineiro,,1950-01-01,2018-11-10 22:00:05,
PRN,PRN,Partido da Reconstrução Nacional,,1950-01-01,2018-11-10 22:00:05,
PRONA,PRONA,Partido de Reedificação da Ordem Nacional,,,2018-11-10 22:00:05,
PRP,PRP,Partido Republicano Progressista,,,2018-11-10 22:00:05,
PRPa,PRPa,Partido Republicano Paulista,,1950-01-01,2018-11-10 22:00:05,
PRR,PRR,Partido Republicano Rio-Grandense,,1950-01-01,2018-11-10 22:00:05,
PRS,PRS,Partido das Reformas Sociais,,1950-01-01,2018-11-10 22:00:05,
PRT,PRT,Partido Republicano Trabalhista,,1950-01-01,2018-11-10 22:00:05,
PRTB,PRTB,Partido Renovador Trabalhista Brasileiro,,,2018-11-10 22:00:05,
PRVP,PRVP,Partido de Representação da Vontade Popular,,1950-01-01,2018-11-10 22:00:05,
PSB,PSB,Partido Socialista Brasileiro,,,2018-11-10 22:00:05,
PSC,PSC,Partido Social Cristão,,,2018-11-10 22:00:05,
PSD,PSD,Partido Social Democrático,,,2018-11-10 22:00:05,
PSDB,PSDB,Partido da Social Democracia Brasileira,,,2018-11-10 22:00:05,
PSDC,PSDC,Partido Social Democrata Cristão,,,2018-11-10 22:00:05,
PSL,PSL,Partido Social Liberal,,,2018-11-10 22:00:05,
PSN,PSN,Partido da Solidariedade Nacional,,1950-01-01,2018-11-10 22:00:05,
PSOL,PSOL,Partido Socialismo e Liberdade,,,2018-11-10 22:00:05,
PSP,PSP,Partido Social Progressista,,1950-01-01,2018-11-10 22:00:05,
PSR,PSR,Partido Social Republicano,,1950-01-01,2018-11-10 22:00:05,
PST,PST,Partido Social Trabalhista,,1950-01-01,2018-11-10 22:00:05,
PSTU,PSTU,Partido Socialista dos Trabalhadores Unificado,,2018-02-06,2018-11-10 22:00:05,
PT,PT,Partido dos Trabalhadores,,,2018-11-10 22:00:05,
PTB,PTB,Partido Trabalhista Brasileiro,,,2018-11-10 22:00:05,
PTC,PTC,Partido Trabalhista Cristão,,,2018-11-10 22:00:05,
PTdoB,PTdoB,Partido Trabalhista do Brasil,,,2018-11-10 22:00:05,
PP*,PP*,Partido Popular,,1982-03-16,2018-11-10 22:00:05,
REDE,REDE,Rede Sustentabilidade,,,2018-11-10 22:00:05,
PMB,PMB,Partido da Mulher Brasileira,,,2018-11-10 22:00:05,
PNPD,PNPD,Partido Nacional Popular Democrático,,1950-01-01,2018-11-10 22:00:05,
PPM,PPM,Partido Progressista Mineiro,,1950-01-01,2018-11-10 22:00:05,
PSC*,PSC*,Partido Socialista Cristão,,1950-01-01,2018-11-10 22:00:05,
PODE,PODE,Podemos,,,2018-11-10 22:00:05,
AVANTE,AVANTE,Avante,,,2018-11-10 22:00:05,
MDB,MDB,Movimento Democrático Brasileiro,,,2018-11-10 22:00:05,
PATRI,PATRI,Patriota,,,2018-11-10 22:00:05,
NOVO,NOVO,Partido Novo,,,2018-11-10 22:00:05,
DC,DC,Democracia Cristã,,,2018-11-10 22:00:05,
PTN,PTN,Partido Trabalhista Nacional,,,2018-11-10 22:00:05,
PTR,PTR,Partido Trabalhista Renovador,,1950-01-01,2018-11-10 22:00:05,
PTRB,PTRB,Partido Trabalhista Renovador Brasileiro,,1950-01-01,2018-11-10 22:00:05,
PV,PV,Partido Verde,,,2018-11-10 22:00:05,
S.PART.,S.PART.,Sem Partido,,,2018-11-10 22:00:05,
UDB,UDB,União Democrática Brasileira,,1950-01-01,2018-11-10 22:00:05,
UDN,UDN,União Democrática Nacional,,1950-01-01,2018-11-10 22:00:05,
UPF,UPF,União Progressista Fluminense,,1950-01-01,2018-11-10 22:00:05,
ADB,ADB,Aliança Democrática Brasileira,,1950-01-01,2018-11-10 22:00:05,
ASD,ASD,Aliança Social Democrata,,1950-01-01,2018-11-10 22:00:05,
CSD,CSD,Confraternização Social Democrata,,1950-01-01,2018-11-10 22:00:05,
NEPEC,NEPEC,Núcleo Eleitoral Pró Emancipação Carioca,,1950-01-01,2018-11-10 22:00:05,
PAN*,PAN*,Partido Agrário Nacional,,1950-01-01,2018-11-10 22:00:05,
PBV,PBV,Partido da Boa Vontade,,,2018-11-10 22:00:05,
PC*,PC*,Partido Constitucionalista,,1937-02-12,2018-11-10 22:00:05,
PCB,PCB,Partido Constitucionalista Brasileiro,,,2018-11-10 22:00:05,
PDP,PDP,Partido Democrático Progressista,,1950-01-01,2018-11-10 22:00:05,
PIAD,PIAD,Partido Industrial Agrícola Democrata,,1950-01-01,2018-11-10 22:00:05,
PL*,PL*,Partido Libertador,,1950-01-01,2018-11-10 22:00:05,
PLIC,PLIC,"Partido da Lavoura, Indústria e Comércio",,1950-01-01,2018-11-10 22:00:05,
PLP,PLP,Partido Liberal Progressista,,1950-01-01,2018-11-10 22:00:05,
PN*,PN*,Partido Nacionalista,,1950-01-01,2018-11-10 22:00:05,
PNC*,PNC*,Partido Nacional Classista,,1950-01-01,2018-11-10 22:00:05,
PNE*,PNE*,Partido Nacional Evolucionista,,1950-01-01,2018-11-10 22:00:05,
POPSF,POPSF,Organização Política Social Feminina,,1950-01-01,2018-11-10 22:00:05,
POT,POT,Partido Orientador Trabalhista,,1950-01-01,2018-11-10 22:00:05,
PPP,PPP,Partido Popular Progressista,,1950-01-01,2018-11-10 22:00:05,
PPS*,PPS*,Partido Popular Sindicalista,,1950-01-01,2018-11-10 22:00:05,
PR**,PR**,Partido Republicano,,1950-01-01,2018-11-10 22:00:05,
PR*,PR*,Partido Regenerador,,1950-01-01,2018-11-10 22:00:05,
PRB*,PRB*,Partido Ruralista Brasileiro,,1950-01-01,2018-11-10 22:00:05,
PRP*,PRP*,Partido de Representação Popular,,1950-01-01,2018-11-10 22:00:05,
PSdoB,PSdoB,Partido Socialista do Brasil,,1950-01-01,2018-11-10 22:00:05,
PTR*,PTR*,Partido Trabalhista Republicano,,1950-01-01,2018-11-10 22:00:05,
UNT,UNT,União Nacional do Trabalho,,1950-01-01,2018-11-10 22:00:05,
USDH,USDH,União Social pelos Direitos do Homem,,1950-01-01,2018-11-10 22:00:05,
PEN,PEN,Partido Ecológico Nacional,,,2018-11-11 22:00:05,
PPL,PPL,Partido Pátria Livre,,,2018-11-11 22:00:05,
PROS,PROS,Partido Republicano da Ordem Social,,,2018-11-11 22:00:05,
SDD,SDD,Solidariedade,,,2018-11-11 22:00:05,
SD,SD,Solidariedade,,,2018-11-11 22:00:05,
AIB,AIB,Ação Integralista Brasileira,,1950-01-01,2018-11-11 22:00:05,
AL,AL,Aliança Libertadora,,1950-01-01,2018-11-11 22:00:05,
ARENA,ARENA,Aliança Renovadora Nacional,,1950-01-01,2018-11-11 22:00:05,
DEM,DEM,Democratas,,,2018-11-11 22:00:05,
ED,ED,Esquerda Democrática,,1947-08-25,2018-11-11 22:00:05,
FUG,FUG,Frente Única Gaúcha,,1950-01-01,2018-11-11 22:00:05,
LASP,LASP,Liga de Ação Social e Política,,1950-01-01,2018-11-11 22:00:05,
LEC,LEC,Liga Eleitoral Católica,,1950-01-01,2018-11-11 22:00:05,
MDB*,MDB*,Movimento Democrático Brasileiro,,1950-01-01,2018-11-11 22:00:05,
MTR,MTR,Movimento Trabalhista Renovador,,1950-01-01,2018-11-11 22:00:05,
PAN,PAN,Partido dos Aposentados da Nação,,,2018-11-11 22:00:05,
PC,PC,Partido Comunista,,1950-01-01,2018-11-11 22:00:05,
PCB*,PCB*,Partido Comunista Brasileiro,,,2018-11-11 22:00:05,
PCdoB,PCdoB,Partido Comunista do Brasil,,,2018-11-11 22:00:05,
PCN,PCN,Partido Comunitário  Nacional,,1950-01-01,2018-11-11 22:00:05,
PCO,PCO,Partido da Causa Operária,,2018-02-06,2018-11-11 22:00:05,
PD,PD,Partido Democrático,,1950-01-01,2018-11-11 22:00:05,
PDC,PDC,Partido Democrático Cristão,,1950-01-01,2018-11-11 22:00:05,
PDR,PDR,Partido Democrático Republicano,,1950-01-01,2018-11-11 22:00:05,
PDS,PDS,Partido Democrático Social,,1950-01-01,2018-11-11 22:00:05,
PDT,PDT,Partido Democrático Trabalhista,,,2018-11-11 22:00:05,
PE,PE,Partido Economista,,1950-01-01,2018-11-11 22:00:05,
PED,PED,Partido Economista Democrático,,1950-01-01,2018-11-11 22:00:05,
PF,PF,Partido Federalista,,1950-01-01,2018-11-11 22:00:05,
PFL,PFL,Partido da Frente Liberal,,,2018-11-11 22:00:05,
PGT,PGT,Partido Geral dos Trabalhadores,,1950-01-01,2018-11-11 22:00:05,
PHDBS,PHDBS,Partido Humanista Democrático Brasil Solidariedade,,1950-01-01,2018-11-11 22:00:05,
PHS,PHS,Partido Humanista da Solidariedade,,,2018-11-11 22:00:05,
PJ,PJ,Partido da Juventude,,1950-01-01,2018-11-11 22:00:05,
PL,PL,Partido Liberal,,,2018-11-11 22:00:05,
PLC,PLC,Partido Liberal Catarinense,,1950-01-01,2018-11-11 22:00:05,
PMB*,PMB*,Partido Municipalista Brasileiro,,1950-01-01,2018-11-11 22:00:05,
PMDB,PMDB,Partido do Movimento Democrático Brasileiro,,,2018-11-11 22:00:05,
PMN,PMN,Partido da Mobilização Nacional,,,2018-11-11 22:00:05,
PMR,PMR,Partido Municipalista Renovador,,1950-01-01,2018-11-11 22:00:05,
PN,PN,Partido Nilista,,1950-01-01,2018-11-11 22:00:05,
PNA,PNA,Partido Nacional de Alagoas,,1950-01-01,2018-11-11 22:00:05,
PNC,PNC,Partido Nacional do Consumidor,,1950-01-01,2018-11-11 22:00:05,
PNE,PNE,Partido Nacional Evangélico,,1950-01-01,2018-11-11 22:00:05,
PNS,PNS,Partido Nacional Socialista,,1950-01-01,2018-11-11 22:00:05,
PP,PP,Partido Progressista,,,2018-11-11 22:00:05,
PPA,PPA,Partido Popular do Acre,,1950-01-01,2018-11-11 22:00:05,
PPB,PPB,Partido Progressista Brasileiro,,1950-01-01,2018-11-11 22:00:05,
PPR,PPR,Partido Progressista Reformador,,1950-01-01,2018-11-11 22:00:05,
PPS,PPS,Partido Popular Socialista,,,2018-11-11 22:00:05,
PR,PR,Partido da República,,,2018-11-11 22:00:05,
PRB,PRB,Partido Republicano Brasileiro,,,2018-11-11 22:00:05,
PRC,PRC,Partido Republicano Conservador,,1950-01-01,2018-11-11 22:00:05,
PRD,PRD,Partido Republicano Democrata da Bahia,,1950-01-01,2018-11-11 22:00:05,
PRE,PRE,Partido Republicano,,1950-01-01,2018-11-11 22:00:05,
PRF,PRF,Partido Republicano Federal,,1950-01-01,2018-11-11 22:00:05,
PRL,PRL,Partido Republicano Liberal,,1950-01-01,2018-11-11 22:00:05,
PRM,PRM,Partido Republicano Mineiro,,1950-01-01,2018-11-11 22:00:05,
PRN,PRN,Partido da Reconstrução Nacional,,1950-01-01,2018-11-11 22:00:05,
PRONA,PRONA,Partido de Reedificação da Ordem Nacional,,,2018-11-11 22:00:05,
PRP,PRP,Partido Republicano Progressista,,,2018-11-11 22:00:05,
PRPa,PRPa,Partido Republicano Paulista,,1950-01-01,2018-11-11 22:00:05,
PRR,PRR,Partido Republicano Rio-Grandense,,1950-01-01,2018-11-11 22:00:05,
PRS,PRS,Partido das Reformas Sociais,,1950-01-01,2018-11-11 22:00:05,
PRT,PRT,Partido Republicano Trabalhista,,1950-01-01,2018-11-11 22:00:05,
PRTB,PRTB,Partido Renovador Trabalhista Brasileiro,,,2018-11-11 22:00:05,
PRVP,PRVP,Partido de Representação da Vontade Popular,,1950-01-01,2018-11-11 22:00:05,
PSB,PSB,Partido Socialista Brasileiro,,,2018-11-11 22:00:05,
PSC,PSC,Partido Social Cristão,,,2018-11-11 22:00:05,
PSD,PSD,Partido Social Democrático,,,2018-11-11 22:00:05,
PSDB,PSDB,Partido da Social Democracia Brasileira,,,2018-11-11 22:00:05,
PSDC,PSDC,Partido Social Democrata Cristão,,,2018-11-11 22:00:05,
PSL,PSL,Partido Social Liberal,,,2018-11-11 22:00:05,
PSN,PSN,Partido da Solidariedade Nacional,,1950-01-01,2018-11-11 22:00:05,
PSOL,PSOL,Partido Socialismo e Liberdade,,,2018-11-11 22:00:05,
PSP,PSP,Partido Social Progressista,,1950-01-01,2018-11-11 22:00:05,
PSR,PSR,Partido Social Republicano,,1950-01-01,2018-11-11 22:00:05,
PST,PST,Partido Social Trabalhista,,1950-01-01,2018-11-11 22:00:05,
PSTU,PSTU,Partido Socialista dos Trabalhadores Unificado,,2018-02-06,2018-11-11 22:00:05,
PT,PT,Partido dos Trabalhadores,,,2018-11-11 22:00:05,
PTB,PTB,Partido Trabalhista Brasileiro,,,2018-11-11 22:00:05,
PTC,PTC,Partido Trabalhista Cristão,,,2018-11-11 22:00:05,
PTdoB,PTdoB,Partido Trabalhista do Brasil,,,2018-11-11 22:00:05,
PP*,PP*,Partido Popular,,1982-03-16,2018-11-11 22:00:05,
REDE,REDE,Rede Sustentabilidade,,,2018-11-11 22:00:05,
PMB,PMB,Partido da Mulher Brasileira,,,2018-11-11 22:00:05,
PNPD,PNPD,Partido Nacional Popular Democrático,,1950-01-01,2018-11-11 22:00:05,
PPM,PPM,Partido Progressista Mineiro,,1950-01-01,2018-11-11 22:00:05,
PSC*,PSC*,Partido Socialista Cristão,,1950-01-01,2018-11-11 22:00:05,
PODE,PODE,Podemos,,,2018-11-11 22:00:05,
AVANTE,AVANTE,Avante,,,2018-11-11 22:00:05,
MDB,MDB,Movimento Democrático Brasileiro,,,2018-11-11 22:00:05,
PATRI,PATRI,Patriota,,,2018-11-11 22:00:05,
NOVO,NOVO,Partido Novo,,,2018-11-11 22:00:05,
DC,DC,Democracia Cristã,,,2018-11-11 22:00:05,
PTN,PTN,Partido Trabalhista Nacional,,,2018-11-11 22:00:05,
PTR,PTR,Partido Trabalhista Renovador,,1950-01-01,2018-11-11 22:00:05,
PTRB,PTRB,Partido Trabalhista Renovador Brasileiro,,1950-01-01,2018-11-11 22:00:05,
PV,PV,Partido Verde,,,2018-11-11 22:00:05,
S.PART.,S.PART.,Sem Partido,,,2018-11-11 22:00:05,
UDB,UDB,União Democrática Brasileira,,1950-01-01,2018-11-11 22:00:05,
UDN,UDN,União Democrática Nacional,,1950-01-01,2018-11-11 22:00:05,
UPF,UPF,União Progressista Fluminense,,1950-01-01,2018-11-11 22:00:05,
ADB,ADB,Aliança Democrática Brasileira,,1950-01-01,2018-11-11 22:00:05,
ASD,ASD,Aliança Social Democrata,,1950-01-01,2018-11-11 22:00:05,
CSD,CSD,Confraternização Social Democrata,,1950-01-01,2018-11-11 22:00:05,
NEPEC,NEPEC,Núcleo Eleitoral Pró Emancipação Carioca,,1950-01-01,2018-11-11 22:00:05,
PAN*,PAN*,Partido Agrário Nacional,,1950-01-01,2018-11-11 22:00:05,
PBV,PBV,Partido da Boa Vontade,,,2018-11-11 22:00:05,
PC*,PC*,Partido Constitucionalista,,1937-02-12,2018-11-11 22:00:05,
PCB,PCB,Partido Constitucionalista Brasileiro,,,2018-11-11 22:00:05,
PDP,PDP,Partido Democrático Progressista,,1950-01-01,2018-11-11 22:00:05,
PIAD,PIAD,Partido Industrial Agrícola Democrata,,1950-01-01,2018-11-11 22:00:05,
PL*,PL*,Partido Libertador,,1950-01-01,2018-11-11 22:00:05,
PLIC,PLIC,"Partido da Lavoura, Indústria e Comércio",,1950-01-01,2018-11-11 22:00:05,
PLP,PLP,Partido Liberal Progressista,,1950-01-01,2018-11-11 22:00:05,
PN*,PN*,Partido Nacionalista,,1950-01-01,2018-11-11 22:00:05,
PNC*,PNC*,Partido Nacional Classista,,1950-01-01,2018-11-11 22:00:05,
PNE*,PNE*,Partido Nacional Evolucionista,,1950-01-01,2018-11-11 22:00:05,
POPSF,POPSF,Organização Política Social Feminina,,1950-01-01,2018-11-11 22:00:05,
POT,POT,Partido Orientador Trabalhista,,1950-01-01,2018-11-11 22:00:05,
PPP,PPP,Partido Popular Progressista,,1950-01-01,2018-11-11 22:00:05,
PPS*,PPS*,Partido Popular Sindicalista,,1950-01-01,2018-11-11 22:00:05,
PR**,PR**,Partido Republicano,,1950-01-01,2018-11-11 22:00:05,
PR*,PR*,Partido Regenerador,,1950-01-01,2018-11-11 22:00:05,
PRB*,PRB*,Partido Ruralista Brasileiro,,1950-01-01,2018-11-11 22:00:05,
PRP*,PRP*,Partido de Representação Popular,,1950-01-01,2018-11-11 22:00:05,
PSdoB,PSdoB,Partido Socialista do Brasil,,1950-01-01,2018-11-11 22:00:05,
PTR*,PTR*,Partido Trabalhista Republicano,,1950-01-01,2018-11-11 22:00:05,
UNT,UNT,União Nacional do Trabalho,,1950-01-01,2018-11-11 22:00:05,
USDH,USDH,União Social pelos Direitos do Homem,,1950-01-01,2018-11-11 22:00:05,
